x,y,z
248.33,111.53,50.0
-100.17,240.18,50.0
-31.75,96.96,32.0
53.25,-91.07,10.0
142.13,-96.41,20.0
217.31,-162.45,30.0
175.19,-185.25,50.0
18.82,-94.74,50.0
0.0,0.0,30.0
114.26991935483878,140.77195931283904,0.0
154.45983870967748,161.28696835443037,0.0
65.57828629032261,192.05948191681733,0.0
50.89350806451617,233.0895,0.0
